{
  "version": "1.0",
  "workerIdList": [
    -1
  ],
  "metrics": [
    {
      "type": "build_line",
      "endTime": 1700885100551,
      "status": "closed",
      "children": [],
      "name": "overallTime",
      "taskName": "init",
      "taskPath": "entry",
      "workerId": -1,
      "startTime": 1700885100550
    },
    {
      "type": "build_line",
      "endTime": 1700885100554,
      "status": "closed",
      "children": [],
      "name": "overallTime",
      "taskName": "init",
      "taskPath": "HealthyDiet",
      "workerId": -1,
      "startTime": 1700885100554
    },
    {
      "type": "build_line",
      "endTime": 1700885109615,
      "status": "closed",
      "children": [],
      "name": "overallTime",
      "taskName": "default@PreBuild",
      "taskPath": "entry",
      "workerId": -1,
      "startTime": 1700885109612
    },
    {
      "type": "build_line",
      "endTime": 1700885109617,
      "status": "closed",
      "children": [],
      "name": "overallTime",
      "taskName": "default@MergeProfile",
      "taskPath": "entry",
      "workerId": -1,
      "startTime": 1700885109616
    },
    {
      "type": "build_line",
      "endTime": 1700885109619,
      "status": "closed",
      "children": [],
      "name": "overallTime",
      "taskName": "default@GenerateLoaderJson",
      "taskPath": "entry",
      "workerId": -1,
      "startTime": 1700885109618
    },
    {
      "type": "build_line",
      "endTime": 1700885109620,
      "status": "closed",
      "children": [],
      "name": "overallTime",
      "taskName": "default@ProcessProfile",
      "taskPath": "entry",
      "workerId": -1,
      "startTime": 1700885109619
    },
    {
      "type": "build_line",
      "endTime": 1700885109625,
      "status": "closed",
      "children": [],
      "name": "overallTime",
      "taskName": "default@PreviewProcessResource",
      "taskPath": "entry",
      "workerId": -1,
      "startTime": 1700885109621
    },
    {
      "type": "build_line",
      "endTime": 1700885109777,
      "status": "closed",
      "children": [],
      "name": "overallTime",
      "taskName": "default@PreviewCompileResource",
      "taskPath": "entry",
      "workerId": -1,
      "startTime": 1700885109628
    },
    {
      "type": "build_line",
      "endTime": 1700885109779,
      "status": "closed",
      "children": [],
      "name": "overallTime",
      "taskName": "default@PreviewHookCompileResource",
      "taskPath": "entry",
      "workerId": -1,
      "startTime": 1700885109779
    },
    {
      "type": "build_line",
      "endTime": 1700885109788,
      "status": "closed",
      "children": [],
      "name": "overallTime",
      "taskName": "default@ReplacePreviewerPage",
      "taskPath": "entry",
      "workerId": -1,
      "startTime": 1700885109782
    },
    {
      "type": "build_line",
      "endTime": 1700885109789,
      "status": "closed",
      "children": [],
      "name": "overallTime",
      "taskName": "buildPreviewerResource",
      "taskPath": "entry",
      "workerId": -1,
      "startTime": 1700885109789
    },
    {
      "type": "build_line",
      "endTime": 1700885109791,
      "status": "closed",
      "children": [],
      "name": "overallTime",
      "taskName": "default@PreviewUpdateAssets",
      "taskPath": "entry",
      "workerId": -1,
      "startTime": 1700885109789
    },
    {
      "type": "build_line",
      "endTime": 1700885112831,
      "status": "closed",
      "children": [],
      "name": "overallTime",
      "taskName": "default@PreviewArkTS",
      "taskPath": "entry",
      "workerId": -1,
      "startTime": 1700885109792
    },
    {
      "type": "build_line",
      "endTime": 1700885112833,
      "status": "closed",
      "children": [],
      "name": "overallTime",
      "taskName": "PreviewBuild",
      "taskPath": "entry",
      "workerId": -1,
      "startTime": 1700885112833
    },
    {
      "type": "build_line",
      "endTime": 1700885450355,
      "status": "closed",
      "children": [],
      "name": "overallTime",
      "taskName": "default@PreBuild",
      "taskPath": "entry",
      "workerId": -1,
      "startTime": 1700885450353
    },
    {
      "type": "build_line",
      "endTime": 1700885450356,
      "status": "closed",
      "children": [],
      "name": "overallTime",
      "taskName": "default@MergeProfile",
      "taskPath": "entry",
      "workerId": -1,
      "startTime": 1700885450355
    },
    {
      "type": "build_line",
      "endTime": 1700885450358,
      "status": "closed",
      "children": [],
      "name": "overallTime",
      "taskName": "default@GenerateLoaderJson",
      "taskPath": "entry",
      "workerId": -1,
      "startTime": 1700885450357
    },
    {
      "type": "build_line",
      "endTime": 1700885450360,
      "status": "closed",
      "children": [],
      "name": "overallTime",
      "taskName": "default@ProcessProfile",
      "taskPath": "entry",
      "workerId": -1,
      "startTime": 1700885450358
    },
    {
      "type": "build_line",
      "endTime": 1700885450365,
      "status": "closed",
      "children": [],
      "name": "overallTime",
      "taskName": "default@PreviewProcessResource",
      "taskPath": "entry",
      "workerId": -1,
      "startTime": 1700885450361
    },
    {
      "type": "build_line",
      "endTime": 1700885450489,
      "status": "closed",
      "children": [],
      "name": "overallTime",
      "taskName": "default@PreviewCompileResource",
      "taskPath": "entry",
      "workerId": -1,
      "startTime": 1700885450373
    },
    {
      "type": "build_line",
      "endTime": 1700885450490,
      "status": "closed",
      "children": [],
      "name": "overallTime",
      "taskName": "default@PreviewHookCompileResource",
      "taskPath": "entry",
      "workerId": -1,
      "startTime": 1700885450490
    },
    {
      "type": "build_line",
      "endTime": 1700885450496,
      "status": "closed",
      "children": [],
      "name": "overallTime",
      "taskName": "default@ReplacePreviewerPage",
      "taskPath": "entry",
      "workerId": -1,
      "startTime": 1700885450492
    },
    {
      "type": "build_line",
      "endTime": 1700885450496,
      "status": "closed",
      "children": [],
      "name": "overallTime",
      "taskName": "buildPreviewerResource",
      "taskPath": "entry",
      "workerId": -1,
      "startTime": 1700885450496
    },
    {
      "type": "build_line",
      "endTime": 1700885450499,
      "status": "closed",
      "children": [],
      "name": "overallTime",
      "taskName": "default@PreviewUpdateAssets",
      "taskPath": "entry",
      "workerId": -1,
      "startTime": 1700885450497
    },
    {
      "type": "build_line",
      "endTime": 1700885453459,
      "status": "closed",
      "children": [],
      "name": "overallTime",
      "taskName": "default@PreviewArkTS",
      "taskPath": "entry",
      "workerId": -1,
      "startTime": 1700885450499
    },
    {
      "type": "build_line",
      "endTime": 1700885453461,
      "status": "closed",
      "children": [],
      "name": "overallTime",
      "taskName": "PreviewBuild",
      "taskPath": "entry",
      "workerId": -1,
      "startTime": 1700885453461
    },
    {
      "type": "build_line",
      "endTime": 1700893469062,
      "status": "closed",
      "children": [],
      "name": "overallTime",
      "taskName": "default@PreBuild",
      "taskPath": "entry",
      "workerId": -1,
      "startTime": 1700893469061
    },
    {
      "type": "build_line",
      "endTime": 1700893469064,
      "status": "closed",
      "children": [],
      "name": "overallTime",
      "taskName": "default@MergeProfile",
      "taskPath": "entry",
      "workerId": -1,
      "startTime": 1700893469063
    },
    {
      "type": "build_line",
      "endTime": 1700893469065,
      "status": "closed",
      "children": [],
      "name": "overallTime",
      "taskName": "default@GenerateLoaderJson",
      "taskPath": "entry",
      "workerId": -1,
      "startTime": 1700893469065
    },
    {
      "type": "build_line",
      "endTime": 1700893469067,
      "status": "closed",
      "children": [],
      "name": "overallTime",
      "taskName": "default@ProcessProfile",
      "taskPath": "entry",
      "workerId": -1,
      "startTime": 1700893469066
    },
    {
      "type": "build_line",
      "endTime": 1700893469070,
      "status": "closed",
      "children": [],
      "name": "overallTime",
      "taskName": "default@PreviewProcessResource",
      "taskPath": "entry",
      "workerId": -1,
      "startTime": 1700893469067
    },
    {
      "type": "build_line",
      "endTime": 1700893469197,
      "status": "closed",
      "children": [],
      "name": "overallTime",
      "taskName": "default@PreviewCompileResource",
      "taskPath": "entry",
      "workerId": -1,
      "startTime": 1700893469072
    },
    {
      "type": "build_line",
      "endTime": 1700893469198,
      "status": "closed",
      "children": [],
      "name": "overallTime",
      "taskName": "default@PreviewHookCompileResource",
      "taskPath": "entry",
      "workerId": -1,
      "startTime": 1700893469198
    },
    {
      "type": "build_line",
      "endTime": 1700893469203,
      "status": "closed",
      "children": [],
      "name": "overallTime",
      "taskName": "default@ReplacePreviewerPage",
      "taskPath": "entry",
      "workerId": -1,
      "startTime": 1700893469200
    },
    {
      "type": "build_line",
      "endTime": 1700893469203,
      "status": "closed",
      "children": [],
      "name": "overallTime",
      "taskName": "buildPreviewerResource",
      "taskPath": "entry",
      "workerId": -1,
      "startTime": 1700893469203
    },
    {
      "type": "build_line",
      "endTime": 1700893469209,
      "status": "closed",
      "children": [],
      "name": "overallTime",
      "taskName": "default@PreviewUpdateAssets",
      "taskPath": "entry",
      "workerId": -1,
      "startTime": 1700893469208
    },
    {
      "type": "build_line",
      "endTime": 1700893472206,
      "status": "closed",
      "children": [],
      "name": "overallTime",
      "taskName": "default@PreviewArkTS",
      "taskPath": "entry",
      "workerId": -1,
      "startTime": 1700893469210
    },
    {
      "type": "build_line",
      "endTime": 1700893472208,
      "status": "closed",
      "children": [],
      "name": "overallTime",
      "taskName": "PreviewBuild",
      "taskPath": "entry",
      "workerId": -1,
      "startTime": 1700893472208
    },
    {
      "type": "build_line",
      "endTime": 1700898438173,
      "status": "closed",
      "children": [],
      "name": "overallTime",
      "taskName": "init",
      "taskPath": "entry",
      "workerId": -1,
      "startTime": 1700898438172
    },
    {
      "type": "build_line",
      "endTime": 1700898438174,
      "status": "closed",
      "children": [],
      "name": "overallTime",
      "taskName": "init",
      "taskPath": "HealthyDiet",
      "workerId": -1,
      "startTime": 1700898438174
    },
    {
      "type": "build_line",
      "endTime": 1700898785732,
      "status": "closed",
      "children": [],
      "name": "overallTime",
      "taskName": "default@PreBuild",
      "taskPath": "entry",
      "workerId": -1,
      "startTime": 1700898785730
    },
    {
      "type": "build_line",
      "endTime": 1700898785734,
      "status": "closed",
      "children": [],
      "name": "overallTime",
      "taskName": "default@MergeProfile",
      "taskPath": "entry",
      "workerId": -1,
      "startTime": 1700898785733
    },
    {
      "type": "build_line",
      "endTime": 1700898785736,
      "status": "closed",
      "children": [],
      "name": "overallTime",
      "taskName": "default@GenerateLoaderJson",
      "taskPath": "entry",
      "workerId": -1,
      "startTime": 1700898785735
    },
    {
      "type": "build_line",
      "endTime": 1700898785738,
      "status": "closed",
      "children": [],
      "name": "overallTime",
      "taskName": "default@ProcessProfile",
      "taskPath": "entry",
      "workerId": -1,
      "startTime": 1700898785736
    },
    {
      "type": "build_line",
      "endTime": 1700898785741,
      "status": "closed",
      "children": [],
      "name": "overallTime",
      "taskName": "default@PreviewProcessResource",
      "taskPath": "entry",
      "workerId": -1,
      "startTime": 1700898785738
    },
    {
      "type": "build_line",
      "endTime": 1700898785866,
      "status": "closed",
      "children": [],
      "name": "overallTime",
      "taskName": "default@PreviewCompileResource",
      "taskPath": "entry",
      "workerId": -1,
      "startTime": 1700898785743
    },
    {
      "type": "build_line",
      "endTime": 1700898785867,
      "status": "closed",
      "children": [],
      "name": "overallTime",
      "taskName": "default@PreviewHookCompileResource",
      "taskPath": "entry",
      "workerId": -1,
      "startTime": 1700898785867
    },
    {
      "type": "build_line",
      "endTime": 1700898785873,
      "status": "closed",
      "children": [],
      "name": "overallTime",
      "taskName": "default@ReplacePreviewerPage",
      "taskPath": "entry",
      "workerId": -1,
      "startTime": 1700898785870
    },
    {
      "type": "build_line",
      "endTime": 1700898785874,
      "status": "closed",
      "children": [],
      "name": "overallTime",
      "taskName": "buildPreviewerResource",
      "taskPath": "entry",
      "workerId": -1,
      "startTime": 1700898785874
    },
    {
      "type": "build_line",
      "endTime": 1700898785889,
      "status": "closed",
      "children": [],
      "name": "overallTime",
      "taskName": "default@PreviewUpdateAssets",
      "taskPath": "entry",
      "workerId": -1,
      "startTime": 1700898785888
    },
    {
      "type": "build_line",
      "endTime": 1700898788966,
      "status": "closed",
      "children": [],
      "name": "overallTime",
      "taskName": "default@PreviewArkTS",
      "taskPath": "entry",
      "workerId": -1,
      "startTime": 1700898785890
    },
    {
      "type": "build_line",
      "endTime": 1700898788968,
      "status": "closed",
      "children": [],
      "name": "overallTime",
      "taskName": "PreviewBuild",
      "taskPath": "entry",
      "workerId": -1,
      "startTime": 1700898788968
    },
    {
      "type": "build_line",
      "endTime": 1700902349787,
      "status": "closed",
      "children": [],
      "name": "overallTime",
      "taskName": "default@PreBuild",
      "taskPath": "entry",
      "workerId": -1,
      "startTime": 1700902349786
    },
    {
      "type": "build_line",
      "endTime": 1700902349789,
      "status": "closed",
      "children": [],
      "name": "overallTime",
      "taskName": "default@MergeProfile",
      "taskPath": "entry",
      "workerId": -1,
      "startTime": 1700902349788
    },
    {
      "type": "build_line",
      "endTime": 1700902349791,
      "status": "closed",
      "children": [],
      "name": "overallTime",
      "taskName": "default@GenerateLoaderJson",
      "taskPath": "entry",
      "workerId": -1,
      "startTime": 1700902349790
    },
    {
      "type": "build_line",
      "endTime": 1700902349792,
      "status": "closed",
      "children": [],
      "name": "overallTime",
      "taskName": "default@ProcessProfile",
      "taskPath": "entry",
      "workerId": -1,
      "startTime": 1700902349791
    },
    {
      "type": "build_line",
      "endTime": 1700902349796,
      "status": "closed",
      "children": [],
      "name": "overallTime",
      "taskName": "default@PreviewProcessResource",
      "taskPath": "entry",
      "workerId": -1,
      "startTime": 1700902349793
    },
    {
      "type": "build_line",
      "endTime": 1700902349936,
      "status": "closed",
      "children": [],
      "name": "overallTime",
      "taskName": "default@PreviewCompileResource",
      "taskPath": "entry",
      "workerId": -1,
      "startTime": 1700902349798
    },
    {
      "type": "build_line",
      "endTime": 1700902349937,
      "status": "closed",
      "children": [],
      "name": "overallTime",
      "taskName": "default@PreviewHookCompileResource",
      "taskPath": "entry",
      "workerId": -1,
      "startTime": 1700902349937
    },
    {
      "type": "build_line",
      "endTime": 1700902349942,
      "status": "closed",
      "children": [],
      "name": "overallTime",
      "taskName": "default@ReplacePreviewerPage",
      "taskPath": "entry",
      "workerId": -1,
      "startTime": 1700902349939
    },
    {
      "type": "build_line",
      "endTime": 1700902349943,
      "status": "closed",
      "children": [],
      "name": "overallTime",
      "taskName": "buildPreviewerResource",
      "taskPath": "entry",
      "workerId": -1,
      "startTime": 1700902349943
    },
    {
      "type": "build_line",
      "endTime": 1700902349945,
      "status": "closed",
      "children": [],
      "name": "overallTime",
      "taskName": "default@PreviewUpdateAssets",
      "taskPath": "entry",
      "workerId": -1,
      "startTime": 1700902349944
    },
    {
      "type": "build_line",
      "endTime": 1700902352951,
      "status": "closed",
      "children": [],
      "name": "overallTime",
      "taskName": "default@PreviewArkTS",
      "taskPath": "entry",
      "workerId": -1,
      "startTime": 1700902349946
    },
    {
      "type": "build_line",
      "endTime": 1700902352953,
      "status": "closed",
      "children": [],
      "name": "overallTime",
      "taskName": "PreviewBuild",
      "taskPath": "entry",
      "workerId": -1,
      "startTime": 1700902352953
    },
    {
      "type": "build_line",
      "endTime": 1700902375173,
      "status": "closed",
      "children": [],
      "name": "overallTime",
      "taskName": "default@PreBuild",
      "taskPath": "entry",
      "workerId": -1,
      "startTime": 1700902375172
    },
    {
      "type": "build_line",
      "endTime": 1700902375175,
      "status": "closed",
      "children": [],
      "name": "overallTime",
      "taskName": "default@MergeProfile",
      "taskPath": "entry",
      "workerId": -1,
      "startTime": 1700902375174
    },
    {
      "type": "build_line",
      "endTime": 1700902375175,
      "status": "closed",
      "children": [],
      "name": "overallTime",
      "taskName": "default@GenerateLoaderJson",
      "taskPath": "entry",
      "workerId": -1,
      "startTime": 1700902375175
    },
    {
      "type": "build_line",
      "endTime": 1700902375177,
      "status": "closed",
      "children": [],
      "name": "overallTime",
      "taskName": "default@ProcessProfile",
      "taskPath": "entry",
      "workerId": -1,
      "startTime": 1700902375176
    },
    {
      "type": "build_line",
      "endTime": 1700902375179,
      "status": "closed",
      "children": [],
      "name": "overallTime",
      "taskName": "default@PreviewProcessResource",
      "taskPath": "entry",
      "workerId": -1,
      "startTime": 1700902375177
    },
    {
      "type": "build_line",
      "endTime": 1700902375293,
      "status": "closed",
      "children": [],
      "name": "overallTime",
      "taskName": "default@PreviewCompileResource",
      "taskPath": "entry",
      "workerId": -1,
      "startTime": 1700902375181
    },
    {
      "type": "build_line",
      "endTime": 1700902375294,
      "status": "closed",
      "children": [],
      "name": "overallTime",
      "taskName": "default@PreviewHookCompileResource",
      "taskPath": "entry",
      "workerId": -1,
      "startTime": 1700902375294
    },
    {
      "type": "build_line",
      "endTime": 1700902375298,
      "status": "closed",
      "children": [],
      "name": "overallTime",
      "taskName": "default@ReplacePreviewerPage",
      "taskPath": "entry",
      "workerId": -1,
      "startTime": 1700902375295
    },
    {
      "type": "build_line",
      "endTime": 1700902375300,
      "status": "closed",
      "children": [],
      "name": "overallTime",
      "taskName": "buildPreviewerResource",
      "taskPath": "entry",
      "workerId": -1,
      "startTime": 1700902375300
    },
    {
      "type": "build_line",
      "endTime": 1700902375308,
      "status": "closed",
      "children": [],
      "name": "overallTime",
      "taskName": "default@PreviewUpdateAssets",
      "taskPath": "entry",
      "workerId": -1,
      "startTime": 1700902375306
    },
    {
      "type": "build_line",
      "endTime": 1700902378311,
      "status": "closed",
      "children": [],
      "name": "overallTime",
      "taskName": "default@PreviewArkTS",
      "taskPath": "entry",
      "workerId": -1,
      "startTime": 1700902375309
    },
    {
      "type": "build_line",
      "endTime": 1700902378313,
      "status": "closed",
      "children": [],
      "name": "overallTime",
      "taskName": "PreviewBuild",
      "taskPath": "entry",
      "workerId": -1,
      "startTime": 1700902378313
    }
  ],
  "workLog": []
}