{"deviceType":"phone","checkEntry":"true","localPropertiesPath":"C:\\code\\harmonyOS_bilibili\\HealthyDiet\\local.properties","Path":"C:\\Users\\Administrator\\nodejs\\","note":"false","aceProfilePath":"C:\\code\\harmonyOS_bilibili\\HealthyDiet\\entry\\.preview\\default\\intermediates\\res\\default\\resources\\base\\profile","isPreview":"true","hapMode":"false","buildMode":"debug","img2bin":"true","projectProfilePath":"C:\\code\\harmonyOS_bilibili\\HealthyDiet\\build-profile.json5","watchMode":"true","appResource":"C:\\code\\harmonyOS_bilibili\\HealthyDiet\\entry\\.preview\\default\\intermediates\\res\\default\\ResourceTable.txt","logLevel":"3","stageRouterConfig":{"contents":["{\"module\":{\"pages\":\"$profile:main_pages\",\"name\":\"entry\"}}","{\"src\":[\"pages/Index\",\"pages/Home\",\"pages/Detail\"]}"],"paths":["C:\\code\\harmonyOS_bilibili\\HealthyDiet\\entry\\.preview\\default\\intermediates\\res\\default\\module.json","C:\\code\\harmonyOS_bilibili\\HealthyDiet\\entry\\.preview\\default\\intermediates\\res\\default\\resources\\base\\profile\\main_pages.json"]},"port":"29911","aceBuildJson":"C:\\code\\harmonyOS_bilibili\\HealthyDiet\\entry\\.preview\\default\\intermediates\\loader\\default\\loader.json","aceModuleRoot":"C:\\code\\harmonyOS_bilibili\\HealthyDiet\\entry\\src\\main\\ets","aceSoPath":"C:\\code\\harmonyOS_bilibili\\HealthyDiet\\entry\\.preview\\cache\\nativeDependencies.txt","cachePath":"C:\\code\\harmonyOS_bilibili\\HealthyDiet\\entry\\.preview\\cache","aceModuleBuild":"C:\\code\\harmonyOS_bilibili\\HealthyDiet\\entry\\.preview\\default\\intermediates\\assets\\default\\ets","aceSuperVisualPath":"C:\\code\\harmonyOS_bilibili\\HealthyDiet\\entry\\src\\main\\supervisual","aceModuleJsonPath":"C:\\code\\harmonyOS_bilibili\\HealthyDiet\\entry\\.preview\\default\\intermediates\\res\\default\\module.json"}