{"C:\\code\\harmonyOS_bilibili\\HealthyDiet\\AppScope\\app.json5":{"hashValue":"a68eaf886a07cd70bf472e1778764a14","name":"app.json5","path":"C:\\code\\harmonyOS_bilibili\\HealthyDiet\\AppScope\\app.json5","type":"file","isSymbolicLink":false,"fileMetaData":{"size":218,"lastModifiedTime":1700883398075}},"C:\\code\\harmonyOS_bilibili\\HealthyDiet\\entry\\src\\main\\module.json5":{"hashValue":"95f6185c7657b71bac0914e16fe0e854","name":"module.json5","path":"C:\\code\\harmonyOS_bilibili\\HealthyDiet\\entry\\src\\main\\module.json5","type":"file","isSymbolicLink":false,"fileMetaData":{"size":917,"lastModifiedTime":1700883398012}},"C:\\code\\harmonyOS_bilibili\\HealthyDiet\\entry\\.preview\\default\\intermediates\\merge_profile\\default\\module.json":{"hashValue":"187f0519cdad1316caf979d25b9bd446","name":"module.json","path":"C:\\code\\harmonyOS_bilibili\\HealthyDiet\\entry\\.preview\\default\\intermediates\\merge_profile\\default\\module.json","type":"file","isSymbolicLink":false,"fileMetaData":{"size":1048,"lastModifiedTime":1700883530067}},"C:\\code\\harmonyOS_bilibili\\HealthyDiet\\entry\\.preview\\default\\intermediates\\loader\\default\\loader.json":{"hashValue":"bdb296d09631392b1ef8f253acfe3ecb","name":"loader.json","path":"C:\\code\\harmonyOS_bilibili\\HealthyDiet\\entry\\.preview\\default\\intermediates\\loader\\default\\loader.json","type":"file","isSymbolicLink":false,"fileMetaData":{"size":372,"lastModifiedTime":1700883530074}},"C:\\code\\harmonyOS_bilibili\\HealthyDiet\\entry\\.preview\\default\\intermediates\\process_profile\\default\\module.json":{"hashValue":"a307679645ec60bb2bb3cdae7e033021","name":"module.json","path":"C:\\code\\harmonyOS_bilibili\\HealthyDiet\\entry\\.preview\\default\\intermediates\\process_profile\\default\\module.json","type":"file","isSymbolicLink":false,"fileMetaData":{"size":1133,"lastModifiedTime":1700883530165}},"C:\\code\\harmonyOS_bilibili\\HealthyDiet\\entry\\src\\main\\resources":{"hashValue":"594791c7ac242dceaa544e8c7989c1f1","name":"resources","path":"C:\\code\\harmonyOS_bilibili\\HealthyDiet\\entry\\src\\main\\resources","type":"directory","isSymbolicLink":false,"children":[{"hashValue":"ffcd826b69d13771fd524c816caa18d3","name":"base","path":"C:\\code\\harmonyOS_bilibili\\HealthyDiet\\entry\\src\\main\\resources\\base","type":"directory","isSymbolicLink":false,"children":[{"hashValue":"4ab6e7db93a329052623f2831704bfa0","name":"element","path":"C:\\code\\harmonyOS_bilibili\\HealthyDiet\\entry\\src\\main\\resources\\base\\element","type":"directory","isSymbolicLink":false,"children":[{"hashValue":"3e39a1087533c0e75711850480b76cf2","name":"color.json","path":"C:\\code\\harmonyOS_bilibili\\HealthyDiet\\entry\\src\\main\\resources\\base\\element\\color.json","type":"file","isSymbolicLink":false,"fileMetaData":{"size":105,"lastModifiedTime":1700883393460}},{"hashValue":"55d17605d02b6d3eab7ffed90cd79de9","name":"string.json","path":"C:\\code\\harmonyOS_bilibili\\HealthyDiet\\entry\\src\\main\\resources\\base\\element\\string.json","type":"file","isSymbolicLink":false,"fileMetaData":{"size":247,"lastModifiedTime":1700883398087}}]},{"hashValue":"6ecac627f63168ccf38242c9d9c3a24c","name":"media","path":"C:\\code\\harmonyOS_bilibili\\HealthyDiet\\entry\\src\\main\\resources\\base\\media","type":"directory","isSymbolicLink":false,"children":[{"hashValue":"994561aed906727f1e674040ca1a27fb","name":"avocado.png","path":"C:\\code\\harmonyOS_bilibili\\HealthyDiet\\entry\\src\\main\\resources\\base\\media\\avocado.png","type":"file","isSymbolicLink":false,"fileMetaData":{"size":69969,"lastModifiedTime":1700881359196}},{"hashValue":"3600e5e487fc17dca81680d3fd63c44a","name":"back.png","path":"C:\\code\\harmonyOS_bilibili\\HealthyDiet\\entry\\src\\main\\resources\\base\\media\\back.png","type":"file","isSymbolicLink":false,"fileMetaData":{"size":558,"lastModifiedTime":1700881359196}},{"hashValue":"b2c172c7906fb92b90ffd14586088ac0","name":"blueberry.png","path":"C:\\code\\harmonyOS_bilibili\\HealthyDiet\\entry\\src\\main\\resources\\base\\media\\blueberry.png","type":"file","isSymbolicLink":false,"fileMetaData":{"size":120047,"lastModifiedTime":1700881359198}},{"hashValue":"143b10ba4d9f1cb551bf983ca90ac315","name":"crab.png","path":"C:\\code\\harmonyOS_bilibili\\HealthyDiet\\entry\\src\\main\\resources\\base\\media\\crab.png","type":"file","isSymbolicLink":false,"fileMetaData":{"size":120195,"lastModifiedTime":1700881359199}},{"hashValue":"587f1cc530c856cad8abf960563d47c2","name":"cucumber.png","path":"C:\\code\\harmonyOS_bilibili\\HealthyDiet\\entry\\src\\main\\resources\\base\\media\\cucumber.png","type":"file","isSymbolicLink":false,"fileMetaData":{"size":80196,"lastModifiedTime":1700881359199}},{"hashValue":"42fdffa1abad8223677a20fc00a896e2","name":"ic_bottom_home.svg","path":"C:\\code\\harmonyOS_bilibili\\HealthyDiet\\entry\\src\\main\\resources\\base\\media\\ic_bottom_home.svg","type":"file","isSymbolicLink":false,"fileMetaData":{"size":1756,"lastModifiedTime":1700881359200}},{"hashValue":"6f98e1dec9170dc32ce559cfb1a0e34f","name":"ic_bottom_record.svg","path":"C:\\code\\harmonyOS_bilibili\\HealthyDiet\\entry\\src\\main\\resources\\base\\media\\ic_bottom_record.svg","type":"file","isSymbolicLink":false,"fileMetaData":{"size":2274,"lastModifiedTime":1700881359200}},{"hashValue":"7b4f8e047900d4adb1464acca781de9f","name":"ic_public_delete.svg","path":"C:\\code\\harmonyOS_bilibili\\HealthyDiet\\entry\\src\\main\\resources\\base\\media\\ic_public_delete.svg","type":"file","isSymbolicLink":false,"fileMetaData":{"size":2354,"lastModifiedTime":1700881359201}},{"hashValue":"d425ebf2e5ac90be46cd1bca872083f3","name":"ic_switch.png","path":"C:\\code\\harmonyOS_bilibili\\HealthyDiet\\entry\\src\\main\\resources\\base\\media\\ic_switch.png","type":"file","isSymbolicLink":false,"fileMetaData":{"size":540,"lastModifiedTime":1700881359201}},{"hashValue":"ca619a363548602b2184b67b15a289fa","name":"icecream.png","path":"C:\\code\\harmonyOS_bilibili\\HealthyDiet\\entry\\src\\main\\resources\\base\\media\\icecream.png","type":"file","isSymbolicLink":false,"fileMetaData":{"size":106479,"lastModifiedTime":1700881359202}},{"hashValue":"edb82caba14100b2e7873d9d7391d5d9","name":"icon.png","path":"C:\\code\\harmonyOS_bilibili\\HealthyDiet\\entry\\src\\main\\resources\\base\\media\\icon.png","type":"file","isSymbolicLink":false,"fileMetaData":{"size":6790,"lastModifiedTime":1700881359202}},{"hashValue":"c6a75fc2cdf4beacfe3c473fbefa7b69","name":"kiwi.png","path":"C:\\code\\harmonyOS_bilibili\\HealthyDiet\\entry\\src\\main\\resources\\base\\media\\kiwi.png","type":"file","isSymbolicLink":false,"fileMetaData":{"size":106216,"lastModifiedTime":1700881359203}},{"hashValue":"986fbbba880de00340d05e234d5ff876","name":"logo.png","path":"C:\\code\\harmonyOS_bilibili\\HealthyDiet\\entry\\src\\main\\resources\\base\\media\\logo.png","type":"file","isSymbolicLink":false,"fileMetaData":{"size":125011,"lastModifiedTime":1700881359205}},{"hashValue":"2f4f46f6ed893e7385ebe5b75ba2c3f1","name":"mushroom.png","path":"C:\\code\\harmonyOS_bilibili\\HealthyDiet\\entry\\src\\main\\resources\\base\\media\\mushroom.png","type":"file","isSymbolicLink":false,"fileMetaData":{"size":217647,"lastModifiedTime":1700881359206}},{"hashValue":"706515c21bc0ac6bd17a3608beec660f","name":"norecord.png","path":"C:\\code\\harmonyOS_bilibili\\HealthyDiet\\entry\\src\\main\\resources\\base\\media\\norecord.png","type":"file","isSymbolicLink":false,"fileMetaData":{"size":19086,"lastModifiedTime":1700881359206}},{"hashValue":"e7369242c6bca3618abcbcc7fc83d735","name":"onion.png","path":"C:\\code\\harmonyOS_bilibili\\HealthyDiet\\entry\\src\\main\\resources\\base\\media\\onion.png","type":"file","isSymbolicLink":false,"fileMetaData":{"size":81923,"lastModifiedTime":1700881359207}},{"hashValue":"026c1d5899dd5bfa0dde8099560993d7","name":"pitaya.png","path":"C:\\code\\harmonyOS_bilibili\\HealthyDiet\\entry\\src\\main\\resources\\base\\media\\pitaya.png","type":"file","isSymbolicLink":false,"fileMetaData":{"size":218681,"lastModifiedTime":1700881359208}},{"hashValue":"d2e6c34776cfb9585698511ba7846144","name":"strawberry.png","path":"C:\\code\\harmonyOS_bilibili\\HealthyDiet\\entry\\src\\main\\resources\\base\\media\\strawberry.png","type":"file","isSymbolicLink":false,"fileMetaData":{"size":510384,"lastModifiedTime":1700881359212}},{"hashValue":"76e21b8e506592d336c4f5bd9777d07b","name":"tomato.png","path":"C:\\code\\harmonyOS_bilibili\\HealthyDiet\\entry\\src\\main\\resources\\base\\media\\tomato.png","type":"file","isSymbolicLink":false,"fileMetaData":{"size":113584,"lastModifiedTime":1700881359213}},{"hashValue":"b96077f31f28ec56e4c2c2522849782f","name":"walnut.png","path":"C:\\code\\harmonyOS_bilibili\\HealthyDiet\\entry\\src\\main\\resources\\base\\media\\walnut.png","type":"file","isSymbolicLink":false,"fileMetaData":{"size":124964,"lastModifiedTime":1700881359214}}]},{"hashValue":"900330e358fd75d5114b4df8c6406434","name":"profile","path":"C:\\code\\harmonyOS_bilibili\\HealthyDiet\\entry\\src\\main\\resources\\base\\profile","type":"directory","isSymbolicLink":false,"children":[{"hashValue":"f747ff4d4b499515e4e7f656b89a5cbb","name":"main_pages.json","path":"C:\\code\\harmonyOS_bilibili\\HealthyDiet\\entry\\src\\main\\resources\\base\\profile\\main_pages.json","type":"file","isSymbolicLink":false,"fileMetaData":{"size":74,"lastModifiedTime":1700902372472}}]}]},{"hashValue":"4779744c0a856d2936e0eead587b4d23","name":"en_US","path":"C:\\code\\harmonyOS_bilibili\\HealthyDiet\\entry\\src\\main\\resources\\en_US","type":"directory","isSymbolicLink":false,"children":[{"hashValue":"e62df3838f0b819050e7035bc8f232ee","name":"element","path":"C:\\code\\harmonyOS_bilibili\\HealthyDiet\\entry\\src\\main\\resources\\en_US\\element","type":"directory","isSymbolicLink":false,"children":[{"hashValue":"a1ba698e7c5248c0845074d418e1e80b","name":"string.json","path":"C:\\code\\harmonyOS_bilibili\\HealthyDiet\\entry\\src\\main\\resources\\en_US\\element\\string.json","type":"file","isSymbolicLink":false,"fileMetaData":{"size":247,"lastModifiedTime":1700883397990}}]}]},{"hashValue":"","name":"rawfile","path":"C:\\code\\harmonyOS_bilibili\\HealthyDiet\\entry\\src\\main\\resources\\rawfile","type":"directory","isSymbolicLink":false,"children":[]},{"hashValue":"239cd80f8ce906c2439655f5e0fc20c2","name":"zh_CN","path":"C:\\code\\harmonyOS_bilibili\\HealthyDiet\\entry\\src\\main\\resources\\zh_CN","type":"directory","isSymbolicLink":false,"children":[{"hashValue":"e0cc389d222f88137d06626fda015364","name":"element","path":"C:\\code\\harmonyOS_bilibili\\HealthyDiet\\entry\\src\\main\\resources\\zh_CN\\element","type":"directory","isSymbolicLink":false,"children":[{"hashValue":"2bbe979cbf59cc52a02f8e2a2a46669b","name":"string.json","path":"C:\\code\\harmonyOS_bilibili\\HealthyDiet\\entry\\src\\main\\resources\\zh_CN\\element\\string.json","type":"file","isSymbolicLink":false,"fileMetaData":{"size":241,"lastModifiedTime":1700885773261}}]}]}]},"C:\\code\\harmonyOS_bilibili\\HealthyDiet\\AppScope\\resources":{"hashValue":"708a0bcf6b2113c372f04f7302423e8c","name":"resources","path":"C:\\code\\harmonyOS_bilibili\\HealthyDiet\\AppScope\\resources","type":"directory","isSymbolicLink":false,"children":[{"hashValue":"26c11045f1a2ad5c835444edd8cb5343","name":"base","path":"C:\\code\\harmonyOS_bilibili\\HealthyDiet\\AppScope\\resources\\base","type":"directory","isSymbolicLink":false,"children":[{"hashValue":"d721a301b1762d6fd5ec271797c49fa8","name":"element","path":"C:\\code\\harmonyOS_bilibili\\HealthyDiet\\AppScope\\resources\\base\\element","type":"directory","isSymbolicLink":false,"children":[{"hashValue":"e01d46b550ba6792b4f15d73051fefd2","name":"string.json","path":"C:\\code\\harmonyOS_bilibili\\HealthyDiet\\AppScope\\resources\\base\\element\\string.json","type":"file","isSymbolicLink":false,"fileMetaData":{"size":97,"lastModifiedTime":1700883392680}}]},{"hashValue":"ca446e24404283312f47c767c6a8f8c5","name":"media","path":"C:\\code\\harmonyOS_bilibili\\HealthyDiet\\AppScope\\resources\\base\\media","type":"directory","isSymbolicLink":false,"children":[{"hashValue":"0b7d339c0d667231506174653d182b48","name":"app_icon.png","path":"C:\\code\\harmonyOS_bilibili\\HealthyDiet\\AppScope\\resources\\base\\media\\app_icon.png","type":"file","isSymbolicLink":false,"fileMetaData":{"size":6790,"lastModifiedTime":1700883392656}}]}]}]},"C:\\code\\harmonyOS_bilibili\\HealthyDiet\\entry\\.preview\\default\\intermediates\\res\\default":{"hashValue":"d963e6b47eb9f931af678df0a72b5ef4","name":"default","path":"C:\\code\\harmonyOS_bilibili\\HealthyDiet\\entry\\.preview\\default\\intermediates\\res\\default","type":"directory","isSymbolicLink":false,"children":[{"hashValue":"3d36eaec099696ab73f37328ac0ac279","name":"app_compiled","path":"C:\\code\\harmonyOS_bilibili\\HealthyDiet\\entry\\.preview\\default\\intermediates\\res\\default\\app_compiled","type":"directory","isSymbolicLink":false,"children":[{"hashValue":"454423f6b0bbcbdff9d1a37cced1ef78","name":"13016872110103372551","path":"C:\\code\\harmonyOS_bilibili\\HealthyDiet\\entry\\.preview\\default\\intermediates\\res\\default\\app_compiled\\13016872110103372551","type":"file","isSymbolicLink":false,"fileMetaData":{"size":202,"lastModifiedTime":1700902375215}},{"hashValue":"da33bef57f6aa6dd7ac52b591185ab98","name":"16114210966710903372","path":"C:\\code\\harmonyOS_bilibili\\HealthyDiet\\entry\\.preview\\default\\intermediates\\res\\default\\app_compiled\\16114210966710903372","type":"file","isSymbolicLink":false,"fileMetaData":{"size":129,"lastModifiedTime":1700902375215}}]},{"hashValue":"867f6bda1cbebb0b3b0b0b1504ffc7ea","name":"module_compiled","path":"C:\\code\\harmonyOS_bilibili\\HealthyDiet\\entry\\.preview\\default\\intermediates\\res\\default\\module_compiled","type":"directory","isSymbolicLink":false,"children":[{"hashValue":"7be22c2b42d2d2b1f639ece1ac00f01e","name":"13184873252226184870","path":"C:\\code\\harmonyOS_bilibili\\HealthyDiet\\entry\\.preview\\default\\intermediates\\res\\default\\module_compiled\\13184873252226184870","type":"file","isSymbolicLink":false,"fileMetaData":{"size":145,"lastModifiedTime":1700902375237}},{"hashValue":"bbe6543d5506764411dc9678f18d5b6b","name":"14679259841079943333","path":"C:\\code\\harmonyOS_bilibili\\HealthyDiet\\entry\\.preview\\default\\intermediates\\res\\default\\module_compiled\\14679259841079943333","type":"file","isSymbolicLink":false,"fileMetaData":{"size":476,"lastModifiedTime":1700902375248}},{"hashValue":"69cff706a37c0edfd0d5afd1b018a745","name":"14748191263347248443","path":"C:\\code\\harmonyOS_bilibili\\HealthyDiet\\entry\\.preview\\default\\intermediates\\res\\default\\module_compiled\\14748191263347248443","type":"file","isSymbolicLink":false,"fileMetaData":{"size":202,"lastModifiedTime":1700902375241}},{"hashValue":"22bda43dbcef84bce42cee6c12dad87f","name":"15438666721357997892","path":"C:\\code\\harmonyOS_bilibili\\HealthyDiet\\entry\\.preview\\default\\intermediates\\res\\default\\module_compiled\\15438666721357997892","type":"file","isSymbolicLink":false,"fileMetaData":{"size":208,"lastModifiedTime":1700902375245}},{"hashValue":"7d600d8be7a182cd3321615982a5ff2e","name":"15637639413556467673","path":"C:\\code\\harmonyOS_bilibili\\HealthyDiet\\entry\\.preview\\default\\intermediates\\res\\default\\module_compiled\\15637639413556467673","type":"file","isSymbolicLink":false,"fileMetaData":{"size":217,"lastModifiedTime":1700902375243}},{"hashValue":"1a90267bba5b91dc84bc8160e422b63c","name":"16929202707236260547","path":"C:\\code\\harmonyOS_bilibili\\HealthyDiet\\entry\\.preview\\default\\intermediates\\res\\default\\module_compiled\\16929202707236260547","type":"file","isSymbolicLink":false,"fileMetaData":{"size":214,"lastModifiedTime":1700902375242}},{"hashValue":"eedc3e6b20a1d145b45fce3f289599fd","name":"17171786034445240825","path":"C:\\code\\harmonyOS_bilibili\\HealthyDiet\\entry\\.preview\\default\\intermediates\\res\\default\\module_compiled\\17171786034445240825","type":"file","isSymbolicLink":false,"fileMetaData":{"size":214,"lastModifiedTime":1700902375242}},{"hashValue":"9a03fb27238e40d3b55bdd25e0d1852d","name":"17550971261333626658","path":"C:\\code\\harmonyOS_bilibili\\HealthyDiet\\entry\\.preview\\default\\intermediates\\res\\default\\module_compiled\\17550971261333626658","type":"file","isSymbolicLink":false,"fileMetaData":{"size":220,"lastModifiedTime":1700902375245}},{"hashValue":"c087ab2aae959c891c55dc2a6f6e1bbf","name":"17841822891297723291","path":"C:\\code\\harmonyOS_bilibili\\HealthyDiet\\entry\\.preview\\default\\intermediates\\res\\default\\module_compiled\\17841822891297723291","type":"file","isSymbolicLink":false,"fileMetaData":{"size":202,"lastModifiedTime":1700902375242}},{"hashValue":"482414b4a09d4493e26c7e155a319462","name":"1917387507758851757","path":"C:\\code\\harmonyOS_bilibili\\HealthyDiet\\entry\\.preview\\default\\intermediates\\res\\default\\module_compiled\\1917387507758851757","type":"file","isSymbolicLink":false,"fileMetaData":{"size":202,"lastModifiedTime":1700902375244}},{"hashValue":"8fd7cd3b6b15ec77743d1569beba8a83","name":"2855470585117415152","path":"C:\\code\\harmonyOS_bilibili\\HealthyDiet\\entry\\.preview\\default\\intermediates\\res\\default\\module_compiled\\2855470585117415152","type":"file","isSymbolicLink":false,"fileMetaData":{"size":232,"lastModifiedTime":1700902375243}},{"hashValue":"6ebbc70f1de4e8088156feaf9a6730bf","name":"3525382579129195090","path":"C:\\code\\harmonyOS_bilibili\\HealthyDiet\\entry\\.preview\\default\\intermediates\\res\\default\\module_compiled\\3525382579129195090","type":"file","isSymbolicLink":false,"fileMetaData":{"size":238,"lastModifiedTime":1700902375243}},{"hashValue":"3a5ec9cbfcd2d3c29eae8367def0f211","name":"3961286017299897216","path":"C:\\code\\harmonyOS_bilibili\\HealthyDiet\\entry\\.preview\\default\\intermediates\\res\\default\\module_compiled\\3961286017299897216","type":"file","isSymbolicLink":false,"fileMetaData":{"size":208,"lastModifiedTime":1700902375245}},{"hashValue":"c029918cb4b6bdad650a133982940aea","name":"4714316606902794410","path":"C:\\code\\harmonyOS_bilibili\\HealthyDiet\\entry\\.preview\\default\\intermediates\\res\\default\\module_compiled\\4714316606902794410","type":"file","isSymbolicLink":false,"fileMetaData":{"size":202,"lastModifiedTime":1700902375241}},{"hashValue":"9e665223f26c012a30fe09a80be84593","name":"4715844935473862449","path":"C:\\code\\harmonyOS_bilibili\\HealthyDiet\\entry\\.preview\\default\\intermediates\\res\\default\\module_compiled\\4715844935473862449","type":"file","isSymbolicLink":false,"fileMetaData":{"size":214,"lastModifiedTime":1700902375244}},{"hashValue":"fa92ab8f69fc69c0b819d28279db7b7c","name":"5526926870311724564","path":"C:\\code\\harmonyOS_bilibili\\HealthyDiet\\entry\\.preview\\default\\intermediates\\res\\default\\module_compiled\\5526926870311724564","type":"file","isSymbolicLink":false,"fileMetaData":{"size":217,"lastModifiedTime":1700902375241}},{"hashValue":"4348679387f000f5bf82b1c157564dc7","name":"5619770454650308024","path":"C:\\code\\harmonyOS_bilibili\\HealthyDiet\\entry\\.preview\\default\\intermediates\\res\\default\\module_compiled\\5619770454650308024","type":"file","isSymbolicLink":false,"fileMetaData":{"size":482,"lastModifiedTime":1700902375247}},{"hashValue":"6aa040f8325edb47d0c0dad4c55a304d","name":"5836154202610919731","path":"C:\\code\\harmonyOS_bilibili\\HealthyDiet\\entry\\.preview\\default\\intermediates\\res\\default\\module_compiled\\5836154202610919731","type":"file","isSymbolicLink":false,"fileMetaData":{"size":205,"lastModifiedTime":1700902375245}},{"hashValue":"3418329f116df5dd526c7380115a0c3d","name":"6154916207138563145","path":"C:\\code\\harmonyOS_bilibili\\HealthyDiet\\entry\\.preview\\default\\intermediates\\res\\default\\module_compiled\\6154916207138563145","type":"file","isSymbolicLink":false,"fileMetaData":{"size":428,"lastModifiedTime":1700902375238}},{"hashValue":"e95c8a790a16e21bda869fa73b6f870a","name":"627620567001143685","path":"C:\\code\\harmonyOS_bilibili\\HealthyDiet\\entry\\.preview\\default\\intermediates\\res\\default\\module_compiled\\627620567001143685","type":"file","isSymbolicLink":false,"fileMetaData":{"size":238,"lastModifiedTime":1700902375243}},{"hashValue":"9f668e0ee13d816f3279a0936780d8f7","name":"6763115553509028271","path":"C:\\code\\harmonyOS_bilibili\\HealthyDiet\\entry\\.preview\\default\\intermediates\\res\\default\\module_compiled\\6763115553509028271","type":"file","isSymbolicLink":false,"fileMetaData":{"size":211,"lastModifiedTime":1700902375241}},{"hashValue":"c749aa2d867b51993fc860127de5e450","name":"7494793447164658050","path":"C:\\code\\harmonyOS_bilibili\\HealthyDiet\\entry\\.preview\\default\\intermediates\\res\\default\\module_compiled\\7494793447164658050","type":"file","isSymbolicLink":false,"fileMetaData":{"size":202,"lastModifiedTime":1700902375244}},{"hashValue":"04869abfecf334ce95e55acb2ac9e079","name":"759772816298114897","path":"C:\\code\\harmonyOS_bilibili\\HealthyDiet\\entry\\.preview\\default\\intermediates\\res\\default\\module_compiled\\759772816298114897","type":"file","isSymbolicLink":false,"fileMetaData":{"size":227,"lastModifiedTime":1700902375246}},{"hashValue":"fcef984f78754840a9a7826c92d40202","name":"7996491606313674762","path":"C:\\code\\harmonyOS_bilibili\\HealthyDiet\\entry\\.preview\\default\\intermediates\\res\\default\\module_compiled\\7996491606313674762","type":"file","isSymbolicLink":false,"fileMetaData":{"size":208,"lastModifiedTime":1700902375246}},{"hashValue":"c17c16155184a000708b6ef640e9f862","name":"8271991115185819086","path":"C:\\code\\harmonyOS_bilibili\\HealthyDiet\\entry\\.preview\\default\\intermediates\\res\\default\\module_compiled\\8271991115185819086","type":"file","isSymbolicLink":false,"fileMetaData":{"size":214,"lastModifiedTime":1700902375244}}]},{"hashValue":"0f8316343b225d07175dd1a7f1ba0381","name":"module.json","path":"C:\\code\\harmonyOS_bilibili\\HealthyDiet\\entry\\.preview\\default\\intermediates\\res\\default\\module.json","type":"file","isSymbolicLink":false,"fileMetaData":{"size":2025,"lastModifiedTime":1700902375289}},{"hashValue":"7b3b7b9ac4e989d64ec86d15f3576f67","name":"resources","path":"C:\\code\\harmonyOS_bilibili\\HealthyDiet\\entry\\.preview\\default\\intermediates\\res\\default\\resources","type":"directory","isSymbolicLink":false,"children":[{"hashValue":"4ab5d8b6999667d4b5896567bfbdd817","name":"base","path":"C:\\code\\harmonyOS_bilibili\\HealthyDiet\\entry\\.preview\\default\\intermediates\\res\\default\\resources\\base","type":"directory","isSymbolicLink":false,"children":[{"hashValue":"c6294aa3b7bff9430263b77cf0b7c306","name":"profile","path":"C:\\code\\harmonyOS_bilibili\\HealthyDiet\\entry\\.preview\\default\\intermediates\\res\\default\\resources\\base\\profile","type":"directory","isSymbolicLink":false,"children":[{"hashValue":"ed1811d7a672e265f5409eeeb0550fca","name":"main_pages.json","path":"C:\\code\\harmonyOS_bilibili\\HealthyDiet\\entry\\.preview\\default\\intermediates\\res\\default\\resources\\base\\profile\\main_pages.json","type":"file","isSymbolicLink":false,"fileMetaData":{"size":51,"lastModifiedTime":1700902378313}}]}]}]},{"hashValue":"af8845ba65b5ce6b614dd344e7e92626","name":"resources.index","path":"C:\\code\\harmonyOS_bilibili\\HealthyDiet\\entry\\.preview\\default\\intermediates\\res\\default\\resources.index","type":"file","isSymbolicLink":false,"fileMetaData":{"size":3452,"lastModifiedTime":1700902375288}},{"hashValue":"a1909feb0927d10eb8bf3e93fa802503","name":"ResourceTable.txt","path":"C:\\code\\harmonyOS_bilibili\\HealthyDiet\\entry\\.preview\\default\\intermediates\\res\\default\\ResourceTable.txt","type":"file","isSymbolicLink":false,"fileMetaData":{"size":742,"lastModifiedTime":1700902375290}}]},"C:\\code\\harmonyOS_bilibili\\HealthyDiet\\entry\\.preview\\default\\generated\\r\\default\\ResourceTable.h":{"hashValue":"9102689047c0afa41b61e495e69d1c82","name":"ResourceTable.h","path":"C:\\code\\harmonyOS_bilibili\\HealthyDiet\\entry\\.preview\\default\\generated\\r\\default\\ResourceTable.h","type":"file","isSymbolicLink":false,"fileMetaData":{"size":1907,"lastModifiedTime":1700902375290}},"C:\\code\\harmonyOS_bilibili\\HealthyDiet\\entry\\.preview\\default\\generated\\r\\default":{"hashValue":"88e31c2653d90fa4ce239ff2070788b0","name":"default","path":"C:\\code\\harmonyOS_bilibili\\HealthyDiet\\entry\\.preview\\default\\generated\\r\\default","type":"directory","isSymbolicLink":false,"children":[{"hashValue":"9102689047c0afa41b61e495e69d1c82","name":"ResourceTable.h","path":"C:\\code\\harmonyOS_bilibili\\HealthyDiet\\entry\\.preview\\default\\generated\\r\\default\\ResourceTable.h","type":"file","isSymbolicLink":false,"fileMetaData":{"size":1907,"lastModifiedTime":1700902375290}}]},"C:\\code\\harmonyOS_bilibili\\HealthyDiet\\entry\\.preview\\config\\buildConfig.json":{"hashValue":"6af612ec009acccb0bbb22b7b79ac734","name":"buildConfig.json","path":"C:\\code\\harmonyOS_bilibili\\HealthyDiet\\entry\\.preview\\config\\buildConfig.json","type":"file","isSymbolicLink":false,"fileMetaData":{"size":1848,"lastModifiedTime":1700902374871}},"C:\\code\\harmonyOS_bilibili\\HealthyDiet\\entry\\.preview\\default\\intermediates\\res\\default\\module.json":{"hashValue":"0f8316343b225d07175dd1a7f1ba0381","name":"module.json","path":"C:\\code\\harmonyOS_bilibili\\HealthyDiet\\entry\\.preview\\default\\intermediates\\res\\default\\module.json","type":"file","isSymbolicLink":false,"fileMetaData":{"size":2025,"lastModifiedTime":1700902375289}},"C:\\code\\harmonyOS_bilibili\\HealthyDiet\\entry\\.preview\\default\\intermediates\\res\\default\\resources\\base\\profile\\main_pages.json":{"hashValue":"ed1811d7a672e265f5409eeeb0550fca","name":"main_pages.json","path":"C:\\code\\harmonyOS_bilibili\\HealthyDiet\\entry\\.preview\\default\\intermediates\\res\\default\\resources\\base\\profile\\main_pages.json","type":"file","isSymbolicLink":false,"fileMetaData":{"size":51,"lastModifiedTime":1700902378313}},"C:\\code\\harmonyOS_bilibili\\HealthyDiet\\entry\\.preview\\default\\intermediates\\loader\\default":{"hashValue":"a117bbc4a7e0f1aeb6e39e09d0c5f28e","name":"default","path":"C:\\code\\harmonyOS_bilibili\\HealthyDiet\\entry\\.preview\\default\\intermediates\\loader\\default","type":"directory","isSymbolicLink":false,"children":[{"hashValue":"bdb296d09631392b1ef8f253acfe3ecb","name":"loader.json","path":"C:\\code\\harmonyOS_bilibili\\HealthyDiet\\entry\\.preview\\default\\intermediates\\loader\\default\\loader.json","type":"file","isSymbolicLink":false,"fileMetaData":{"size":372,"lastModifiedTime":1700883530074}}]},"C:\\code\\harmonyOS_bilibili\\HealthyDiet\\entry\\.preview\\default\\intermediates\\res\\default\\ResourceTable.txt":{"hashValue":"a1909feb0927d10eb8bf3e93fa802503","name":"ResourceTable.txt","path":"C:\\code\\harmonyOS_bilibili\\HealthyDiet\\entry\\.preview\\default\\intermediates\\res\\default\\ResourceTable.txt","type":"file","isSymbolicLink":false,"fileMetaData":{"size":742,"lastModifiedTime":1700902375290}},"C:\\code\\harmonyOS_bilibili\\HealthyDiet\\entry\\.preview\\default\\intermediates\\res\\default\\resources\\base\\profile":{"hashValue":"c6294aa3b7bff9430263b77cf0b7c306","name":"profile","path":"C:\\code\\harmonyOS_bilibili\\HealthyDiet\\entry\\.preview\\default\\intermediates\\res\\default\\resources\\base\\profile","type":"directory","isSymbolicLink":false,"children":[{"hashValue":"ed1811d7a672e265f5409eeeb0550fca","name":"main_pages.json","path":"C:\\code\\harmonyOS_bilibili\\HealthyDiet\\entry\\.preview\\default\\intermediates\\res\\default\\resources\\base\\profile\\main_pages.json","type":"file","isSymbolicLink":false,"fileMetaData":{"size":51,"lastModifiedTime":1700902378313}}]},"C:\\code\\harmonyOS_bilibili\\HealthyDiet\\entry\\src\\main\\ets":{"hashValue":"bede50d48c63c6de55a3a698246acb38","name":"ets","path":"C:\\code\\harmonyOS_bilibili\\HealthyDiet\\entry\\src\\main\\ets","type":"directory","isSymbolicLink":false,"children":[{"hashValue":"347d7ab897b6d1243d789fa7c0652e1e","name":"entryability","path":"C:\\code\\harmonyOS_bilibili\\HealthyDiet\\entry\\src\\main\\ets\\entryability","type":"directory","isSymbolicLink":false,"children":[{"hashValue":"432c3806ccecfcc1f263474ad897a0cc","name":"EntryAbility.js","path":"C:\\code\\harmonyOS_bilibili\\HealthyDiet\\entry\\src\\main\\ets\\entryability\\EntryAbility.js","type":"file","isSymbolicLink":false,"fileMetaData":{"size":1592,"lastModifiedTime":1700900127658}},{"hashValue":"1df74e6b86a49cf63ccc60d3f11eab8d","name":"EntryAbility.js.map","path":"C:\\code\\harmonyOS_bilibili\\HealthyDiet\\entry\\src\\main\\ets\\entryability\\EntryAbility.js.map","type":"file","isSymbolicLink":false,"fileMetaData":{"size":1228,"lastModifiedTime":1700900127657}},{"hashValue":"2a41e84a5a9d8aade5a014878665548a","name":"EntryAbility.ts","path":"C:\\code\\harmonyOS_bilibili\\HealthyDiet\\entry\\src\\main\\ets\\entryability\\EntryAbility.ts","type":"file","isSymbolicLink":false,"fileMetaData":{"size":1417,"lastModifiedTime":1700883397967}}]},{"hashValue":"dd807dea2c0ac254ab14a9e2b5a5daa8","name":"model","path":"C:\\code\\harmonyOS_bilibili\\HealthyDiet\\entry\\src\\main\\ets\\model","type":"directory","isSymbolicLink":false,"children":[{"hashValue":"d91e2aeb69a2e928c093aa051cdb2da8","name":"DataModels.ets","path":"C:\\code\\harmonyOS_bilibili\\HealthyDiet\\entry\\src\\main\\ets\\model\\DataModels.ets","type":"file","isSymbolicLink":false,"fileMetaData":{"size":199,"lastModifiedTime":1700901501637}}]},{"hashValue":"912172598857b3dd723a1878bc0aa220","name":"pages","path":"C:\\code\\harmonyOS_bilibili\\HealthyDiet\\entry\\src\\main\\ets\\pages","type":"directory","isSymbolicLink":false,"children":[{"hashValue":"fdbe65fdd6d8b8fba861844a979f882a","name":"Detail.ets","path":"C:\\code\\harmonyOS_bilibili\\HealthyDiet\\entry\\src\\main\\ets\\pages\\Detail.ets","type":"file","isSymbolicLink":false,"fileMetaData":{"size":1486,"lastModifiedTime":1700902336341}},{"hashValue":"a6bf9b8b1d42c0cc628213cd91c1b3e1","name":"Detail.js","path":"C:\\code\\harmonyOS_bilibili\\HealthyDiet\\entry\\src\\main\\ets\\pages\\Detail.js","type":"file","isSymbolicLink":false,"fileMetaData":{"size":208,"lastModifiedTime":1700900127667}},{"hashValue":"3dc8ca2f81efb45ee2edcf36cdf599fc","name":"Detail.js.map","path":"C:\\code\\harmonyOS_bilibili\\HealthyDiet\\entry\\src\\main\\ets\\pages\\Detail.js.map","type":"file","isSymbolicLink":false,"fileMetaData":{"size":258,"lastModifiedTime":1700900127666}},{"hashValue":"a68c823336c2228b7c3d8892da23ff91","name":"Home.ets","path":"C:\\code\\harmonyOS_bilibili\\HealthyDiet\\entry\\src\\main\\ets\\pages\\Home.ets","type":"file","isSymbolicLink":false,"fileMetaData":{"size":5320,"lastModifiedTime":1700901920780}},{"hashValue":"676b22ecd15eb1786fb2aeb4f59746f3","name":"Home.js","path":"C:\\code\\harmonyOS_bilibili\\HealthyDiet\\entry\\src\\main\\ets\\pages\\Home.js","type":"file","isSymbolicLink":false,"fileMetaData":{"size":964,"lastModifiedTime":1700900127665}},{"hashValue":"0478110a27afbfd721375ec913fc715f","name":"Home.js.map","path":"C:\\code\\harmonyOS_bilibili\\HealthyDiet\\entry\\src\\main\\ets\\pages\\Home.js.map","type":"file","isSymbolicLink":false,"fileMetaData":{"size":1027,"lastModifiedTime":1700900127665}},{"hashValue":"51d6504687e7463cebc0ee7dcce265e5","name":"Index.ets","path":"C:\\code\\harmonyOS_bilibili\\HealthyDiet\\entry\\src\\main\\ets\\pages\\Index.ets","type":"file","isSymbolicLink":false,"fileMetaData":{"size":718,"lastModifiedTime":1700885760026}},{"hashValue":"1d637cf8aeaeb194767720d1d7de9477","name":"Index.js","path":"C:\\code\\harmonyOS_bilibili\\HealthyDiet\\entry\\src\\main\\ets\\pages\\Index.js","type":"file","isSymbolicLink":false,"fileMetaData":{"size":368,"lastModifiedTime":1700900127659}},{"hashValue":"d9654d25404a704a709327d4500ca8f7","name":"Index.js.map","path":"C:\\code\\harmonyOS_bilibili\\HealthyDiet\\entry\\src\\main\\ets\\pages\\Index.js.map","type":"file","isSymbolicLink":false,"fileMetaData":{"size":417,"lastModifiedTime":1700900127659}}]}]},"{\"commandList\":[\"C:\\\\Users\\\\Administrator\\\\AppData\\\\Local\\\\Huawei\\\\Sdk\\\\openharmony\\\\9\\\\toolchains\\\\restool.exe\",\"-m\",\"entry\",\"-f\",\"-j\",\"C:\\\\code\\\\harmonyOS_bilibili\\\\HealthyDiet\\\\entry\\\\.preview\\\\default\\\\intermediates\\\\process_profile\\\\default\\\\module.json\",\"-p\",\"com.example.healthydiet\",\"-o\",\"C:\\\\code\\\\harmonyOS_bilibili\\\\HealthyDiet\\\\entry\\\\.preview\\\\default\\\\intermediates\\\\res\\\\default\",\"-r\",\"C:\\\\code\\\\harmonyOS_bilibili\\\\HealthyDiet\\\\entry\\\\.preview\\\\default\\\\generated\\\\r\\\\default\\\\ResourceTable.h\"],\"inputFiles\":{\"_group\":{}},\"outputFiles\":{\"_group\":{}},\"existsResourceDir\":true,\"restoolLinkParamObj\":{\"appScopeResources\":\"C:\\\\code\\\\harmonyOS_bilibili\\\\HealthyDiet\\\\AppScope\\\\resources\",\"moduleResourcesMap\":{},\"harResourcesMap\":{},\"outputPath\":\"C:\\\\code\\\\harmonyOS_bilibili\\\\HealthyDiet\\\\entry\\\\.preview\\\\default\\\\intermediates\\\\res\\\\default\",\"linkCommand\":[\"C:\\\\Users\\\\Administrator\\\\AppData\\\\Local\\\\Huawei\\\\Sdk\\\\openharmony\\\\9\\\\toolchains\\\\restool.exe\",\"-m\",\"entry\",\"-f\",\"-j\",\"C:\\\\code\\\\harmonyOS_bilibili\\\\HealthyDiet\\\\entry\\\\.preview\\\\default\\\\intermediates\\\\process_profile\\\\default\\\\module.json\",\"-p\",\"com.example.healthydiet\",\"-r\",\"C:\\\\code\\\\harmonyOS_bilibili\\\\HealthyDiet\\\\entry\\\\.preview\\\\default\\\\generated\\\\r\\\\default\\\\ResourceTable.h\",\"-z\"]}}":{"hashValue":"","name":"emptyroot","path":"","type":"unknown","isSymbolicLink":false,"children":[]},"C:\\code\\harmonyOS_bilibili\\HealthyDiet\\entry\\.preview\\default\\intermediates\\loader_out\\default\\ets":{"hashValue":"","name":"emptyroot","path":"","type":"unknown","isSymbolicLink":false,"children":[]}}